Workbook

Sheet Datos
A1: Fecha | B1: Año | C1: Mes | D1: Departamento | E1: Categoria | F1: Tipo | G1: Presupuesto | H1: Gasto Real
A2: 45658 | B2: 2025 | C2: Enero | D2: Marketing | E2: Publicidad | F2: Variable | G2: 20000 | H2: 15113
A3: 45658 | B3: 2025 | C3: Enero | D3: Marketing | E3: Eventos | F3: Recurrente | G3: 8000 | H3: 6493
A4: 45658 | B4: 2025 | C4: Enero | D4: Marketing | E4: Software | F4: Recurrente | G4: 20000 | H4: 21407
A5: 45658 | B5: 2025 | C5: Enero | D5: Ventas | E5: Comisiones | F5: Variable | G5: 15000 | H5: 11152
A6: 45658 | B6: 2025 | C6: Enero | D6: Ventas | E6: Viajes | F6: Recurrente | G6: 5000 | H6: 3574
A7: 45658 | B7: 2025 | C7: Enero | D7: Ventas | E7: Software | F7: Recurrente | G7: 8000 | H7: 7621
A8: 45658 | B8: 2025 | C8: Enero | D8: Operaciones | E8: Suministros | F8: Variable | G8: 5000 | H8: 4903
A9: 45658 | B9: 2025 | C9: Enero | D9: Operaciones | E9: Logistica | F9: Variable | G9: 8000 | H9: 7397
A10: 45658 | B10: 2025 | C10: Enero | D10: Operaciones | E10: Mantenimiento | F10: Recurrente | G10: 5000 | H10: 5397
A11: 45658 | B11: 2025 | C11: Enero | D11: TI | E11: Software | F11: Recurrente | G11: 20000 | H11: 18226
A12: 45658 | B12: 2025 | C12: Enero | D12: TI | E12: Hardware | F12: Variable | G12: 10000 | H12: 7777
A13: 45658 | B13: 2025 | C13: Enero | D13: TI | E13: Servicios Nube | F13: Recurrente | G13: 5000 | H13: 3732
... A91: 45809 | B91: 2025 | C91: Junio | D91: RRHH | E91: Software | F91: Recurrente | G91: 8000 | H91: 6360

Sheet Resumen
A1: Departamento | B1: Presupuesto Total | C1: Gasto Total | D1: Variacion ($) | E1: % Ejecucion
A2: Marketing | B2: =SUMIF(Datos!D:D,A2,Datos!G:G) -> 222000 | C2: =SUMIF(Datos!D:D,A2,Datos!H:H) -> 220309 | D2: =C2-B2 -> -1691 | E2: =C2/B2 -> 0.99238288
A3: Ventas | B3: =SUMIF(Datos!D:D,A3,Datos!G:G) -> 204000 | C3: =SUMIF(Datos!D:D,A3,Datos!H:H) -> 193378 | D3: =C3-B3 -> -10622 | E3: =C3/B3 -> 0.94793137
A4: Operaciones | B4: =SUMIF(Datos!D:D,A4,Datos!G:G) -> 169000 | C4: =SUMIF(Datos!D:D,A4,Datos!H:H) -> 153752 | D4: =C4-B4 -> -15248 | E4: =C4/B4 -> 0.90977515
A5: TI | B5: =SUMIF(Datos!D:D,A5,Datos!G:G) -> 201000 | C5: =SUMIF(Datos!D:D,A5,Datos!H:H) -> 188548 | D5: =C5-B5 -> -12452 | E5: =C5/B5 -> 0.93804975
A6: RRHH | B6: =SUMIF(Datos!D:D,A6,Datos!G:G) -> 220000 | C6: =SUMIF(Datos!D:D,A6,Datos!H:H) -> 202168 | D6: =C6-B6 -> -17832 | E6: =C6/B6 -> 0.91894545
A7: TOTAL | B7: =SUM(B2:B6) -> 1016000 | C7: =SUM(C2:C6) -> 958155 | D7: =C7-B7 -> -57845 | E7: =C7/B7 -> 0.94306594
